Name,Company,Email,Phone Number
Name Not Found,The Vault Gastropub,,905-493-5600
Name Not Found,Billie Jax Grill and Bar - Whitby's Newest Hot Spot,billiejax1@gmail.com,
Name Not Found,Billie Jax Grill and Bar - Whitby's Newest Hot Spot,,905-576-3333
Name Not Found,Pub | Charley Ronicks | Ontario,charleyronicks@hotmail.comHours,
the oak & aleyour local BRITISH PUB,OUR PUBS - The Oak & Ale WHITBY,620-1009info@theoakandale.com,
the oak & aleyour local BRITISH PUB,OUR PUBS - The Oak & Ale WHITBY,493-8700info@theoakandale.com,
Name Not Found,Restaurant | 12welve Bistro & Tapwerks | Ontario,info@12welvebistro.ca,
"Whitby
Big Bone BBQ",Big Bone BBQ Whitby - Big Bone BBQ - Memphis BBQ,info@bigbonebbq.ca,
The Brock House,"The Brock House | Whitby, ON | (905) 493-4031",matt.thebrockhouse@gmail.com,
The Brock House,"The Brock House | Whitby, ON | (905) 493-4031",maddison@thebrockhouse.ca,
The Brock House,"The Brock House | Whitby, ON | (905) 493-4031",maddison@thebrockhouse.caThank,
The Brock House,"The Brock House | Whitby, ON | (905) 493-4031",,905-493-4031
,Butchie's Restaurant,info@butchies.caLocation,
,Butchie's Restaurant,sales@butchies.caLOOKING,
,Butchie's Restaurant,Canada9054449991sales@butchies.ca,
Experience the Authentic Flavors of India,Home | Mehfill,ConnectedContactmehfillgpi@gmail.comSubscribe,
